{
  "news" : {
    "transaction" : "news",
    "sampleCount" : 90,
    "errorCount" : 0,
    "errorPct" : 0.0,
    "meanResTime" : 2244.366666666667,
    "medianResTime" : 1814.5,
    "minResTime" : 653.0,
    "maxResTime" : 7780.0,
    "pct1ResTime" : 4550.8,
    "pct2ResTime" : 5383.050000000002,
    "pct3ResTime" : 7780.0,
    "throughput" : 1.516530178950561,
    "receivedKBytesPerSec" : 55.53255089854414,
    "sentKBytesPerSec" : 0.18660429936305734
  },
  "women-accommodation" : {
    "transaction" : "women-accommodation",
    "sampleCount" : 90,
    "errorCount" : 0,
    "errorPct" : 0.0,
    "meanResTime" : 1941.4888888888884,
    "medianResTime" : 1551.5,
    "minResTime" : 583.0,
    "maxResTime" : 6868.0,
    "pct1ResTime" : 3810.8000000000006,
    "pct2ResTime" : 4486.4,
    "pct3ResTime" : 6868.0,
    "throughput" : 1.567671137432503,
    "receivedKBytesPerSec" : 54.38165443738025,
    "sentKBytesPerSec" : 0.2281083979271904
  },
  "Products" : {
    "transaction" : "Products",
    "sampleCount" : 90,
    "errorCount" : 0,
    "errorPct" : 0.0,
    "meanResTime" : 2037.8333333333335,
    "medianResTime" : 1575.5,
    "minResTime" : 796.0,
    "maxResTime" : 8104.0,
    "pct1ResTime" : 3676.300000000001,
    "pct2ResTime" : 4733.5,
    "pct3ResTime" : 8104.0,
    "throughput" : 1.52565645606957,
    "receivedKBytesPerSec" : 53.93135976250615,
    "sentKBytesPerSec" : 0.19368685477445713
  },
  "career" : {
    "transaction" : "career",
    "sampleCount" : 90,
    "errorCount" : 0,
    "errorPct" : 0.0,
    "meanResTime" : 3411.3222222222194,
    "medianResTime" : 2781.0,
    "minResTime" : 1241.0,
    "maxResTime" : 11102.0,
    "pct1ResTime" : 5836.200000000001,
    "pct2ResTime" : 7772.7000000000035,
    "pct3ResTime" : 11102.0,
    "throughput" : 1.478245158747105,
    "receivedKBytesPerSec" : 93.19296334773253,
    "sentKBytesPerSec" : 0.1761190521163543
  },
  "quiz-puzzle-make" : {
    "transaction" : "quiz-puzzle-make",
    "sampleCount" : 90,
    "errorCount" : 0,
    "errorPct" : 0.0,
    "meanResTime" : 1909.2555555555548,
    "medianResTime" : 1540.0,
    "minResTime" : 579.0,
    "maxResTime" : 4848.0,
    "pct1ResTime" : 3631.4,
    "pct2ResTime" : 4055.100000000001,
    "pct3ResTime" : 4848.0,
    "throughput" : 1.542760169360783,
    "receivedKBytesPerSec" : 53.24631826713749,
    "sentKBytesPerSec" : 0.21996385227214288
  },
  "about" : {
    "transaction" : "about",
    "sampleCount" : 90,
    "errorCount" : 0,
    "errorPct" : 0.0,
    "meanResTime" : 2797.188888888889,
    "medianResTime" : 2524.5,
    "minResTime" : 808.0,
    "maxResTime" : 11915.0,
    "pct1ResTime" : 4679.700000000003,
    "pct2ResTime" : 5348.100000000001,
    "pct3ResTime" : 11915.0,
    "throughput" : 1.5065030715923737,
    "receivedKBytesPerSec" : 79.3032632530423,
    "sentKBytesPerSec" : 0.1868416895431948
  },
  "website-design-and-development" : {
    "transaction" : "website-design-and-development",
    "sampleCount" : 90,
    "errorCount" : 0,
    "errorPct" : 0.0,
    "meanResTime" : 2156.688888888889,
    "medianResTime" : 1807.5,
    "minResTime" : 569.0,
    "maxResTime" : 7298.0,
    "pct1ResTime" : 4507.4000000000015,
    "pct2ResTime" : 4919.9,
    "pct3ResTime" : 7298.0,
    "throughput" : 1.7045131720990134,
    "receivedKBytesPerSec" : 65.58380759834094,
    "sentKBytesPerSec" : 0.2663301831404708
  },
  "softwareites" : {
    "transaction" : "softwareites",
    "sampleCount" : 90,
    "errorCount" : 0,
    "errorPct" : 0.0,
    "meanResTime" : 1684.7555555555562,
    "medianResTime" : 1354.5,
    "minResTime" : 533.0,
    "maxResTime" : 6595.0,
    "pct1ResTime" : 3000.8,
    "pct2ResTime" : 3576.100000000001,
    "pct3ResTime" : 6595.0,
    "throughput" : 1.6235816210560496,
    "receivedKBytesPerSec" : 46.172187877708225,
    "sentKBytesPerSec" : 0.22673063653419442
  },
  "banglapuzzle" : {
    "transaction" : "banglapuzzle",
    "sampleCount" : 90,
    "errorCount" : 0,
    "errorPct" : 0.0,
    "meanResTime" : 3637.866666666666,
    "medianResTime" : 2841.5,
    "minResTime" : 1611.0,
    "maxResTime" : 10813.0,
    "pct1ResTime" : 6375.200000000001,
    "pct2ResTime" : 8528.900000000001,
    "pct3ResTime" : 10813.0,
    "throughput" : 1.49902563333833,
    "receivedKBytesPerSec" : 94.5030261579973,
    "sentKBytesPerSec" : 0.17859485084694948
  },
  "healthcare" : {
    "transaction" : "healthcare",
    "sampleCount" : 90,
    "errorCount" : 0,
    "errorPct" : 0.0,
    "meanResTime" : 1984.2222222222226,
    "medianResTime" : 1590.0,
    "minResTime" : 585.0,
    "maxResTime" : 6675.0,
    "pct1ResTime" : 3720.3000000000006,
    "pct2ResTime" : 4090.5,
    "pct3ResTime" : 6675.0,
    "throughput" : 1.4855407368282054,
    "receivedKBytesPerSec" : 46.46376828040407,
    "sentKBytesPerSec" : 0.20455199598904
  },
  "Total" : {
    "transaction" : "Total",
    "sampleCount" : 1080,
    "errorCount" : 0,
    "errorPct" : 0.0,
    "meanResTime" : 2325.2740740740787,
    "medianResTime" : 1890.5,
    "minResTime" : 533.0,
    "maxResTime" : 11993.0,
    "pct1ResTime" : 4193.699999999999,
    "pct2ResTime" : 5077.800000000001,
    "pct3ResTime" : 8416.85,
    "throughput" : 14.88279796601761,
    "receivedKBytesPerSec" : 609.9924520184795,
    "sentKBytesPerSec" : 1.9899444220513458
  },
  "contact" : {
    "transaction" : "contact",
    "sampleCount" : 90,
    "errorCount" : 0,
    "errorPct" : 0.0,
    "meanResTime" : 2277.6666666666665,
    "medianResTime" : 1981.0,
    "minResTime" : 602.0,
    "maxResTime" : 11993.0,
    "pct1ResTime" : 3720.5000000000005,
    "pct2ResTime" : 4129.250000000001,
    "pct3ResTime" : 11993.0,
    "throughput" : 1.5020277374455515,
    "receivedKBytesPerSec" : 57.56110593050619,
    "sentKBytesPerSec" : 0.18922029114304312
  },
  "education-training" : {
    "transaction" : "education-training",
    "sampleCount" : 90,
    "errorCount" : 0,
    "errorPct" : 0.0,
    "meanResTime" : 1820.6333333333332,
    "medianResTime" : 1545.0,
    "minResTime" : 594.0,
    "maxResTime" : 4660.0,
    "pct1ResTime" : 3397.7000000000003,
    "pct2ResTime" : 3799.1000000000004,
    "pct3ResTime" : 4660.0,
    "throughput" : 1.5690103031676574,
    "receivedKBytesPerSec" : 55.581883542389434,
    "sentKBytesPerSec" : 0.2267710203797005
  }
}