{
  "news" : {
    "transaction" : "news",
    "sampleCount" : 100,
    "errorCount" : 0,
    "errorPct" : 0.0,
    "meanResTime" : 2260.2699999999995,
    "medianResTime" : 1900.5,
    "minResTime" : 601.0,
    "maxResTime" : 7211.0,
    "pct1ResTime" : 4451.700000000003,
    "pct2ResTime" : 5202.649999999996,
    "pct3ResTime" : 7207.339999999998,
    "throughput" : 1.5874023747539525,
    "receivedKBytesPerSec" : 58.12776059194234,
    "sentKBytesPerSec" : 0.19532490158105276
  },
  "women-accommodation" : {
    "transaction" : "women-accommodation",
    "sampleCount" : 100,
    "errorCount" : 0,
    "errorPct" : 0.0,
    "meanResTime" : 2023.6999999999996,
    "medianResTime" : 1815.5,
    "minResTime" : 556.0,
    "maxResTime" : 5608.0,
    "pct1ResTime" : 3860.1000000000004,
    "pct2ResTime" : 4416.0999999999985,
    "pct3ResTime" : 5600.989999999996,
    "throughput" : 1.6605227325562086,
    "receivedKBytesPerSec" : 57.60262549400551,
    "sentKBytesPerSec" : 0.24161903042077645
  },
  "Products" : {
    "transaction" : "Products",
    "sampleCount" : 100,
    "errorCount" : 0,
    "errorPct" : 0.0,
    "meanResTime" : 2235.4700000000003,
    "medianResTime" : 1874.0,
    "minResTime" : 549.0,
    "maxResTime" : 6947.0,
    "pct1ResTime" : 4416.700000000003,
    "pct2ResTime" : 5149.099999999999,
    "pct3ResTime" : 6942.039999999997,
    "throughput" : 1.6927920912753496,
    "receivedKBytesPerSec" : 59.839539179672954,
    "sentKBytesPerSec" : 0.21490524596269087
  },
  "career" : {
    "transaction" : "career",
    "sampleCount" : 100,
    "errorCount" : 0,
    "errorPct" : 0.0,
    "meanResTime" : 3697.6700000000005,
    "medianResTime" : 3074.0,
    "minResTime" : 873.0,
    "maxResTime" : 18198.0,
    "pct1ResTime" : 6019.800000000001,
    "pct2ResTime" : 6828.049999999999,
    "pct3ResTime" : 18152.999999999978,
    "throughput" : 1.6161877363674564,
    "receivedKBytesPerSec" : 101.88968331811422,
    "sentKBytesPerSec" : 0.192553617028154
  },
  "quiz-puzzle-make" : {
    "transaction" : "quiz-puzzle-make",
    "sampleCount" : 100,
    "errorCount" : 0,
    "errorPct" : 0.0,
    "meanResTime" : 2127.0899999999992,
    "medianResTime" : 1863.5,
    "minResTime" : 608.0,
    "maxResTime" : 7178.0,
    "pct1ResTime" : 3393.7000000000003,
    "pct2ResTime" : 4685.249999999995,
    "pct3ResTime" : 7162.969999999992,
    "throughput" : 1.5766902119071644,
    "receivedKBytesPerSec" : 54.417368622288095,
    "sentKBytesPerSec" : 0.22480153411957618
  },
  "about" : {
    "transaction" : "about",
    "sampleCount" : 100,
    "errorCount" : 0,
    "errorPct" : 0.0,
    "meanResTime" : 2984.1099999999997,
    "medianResTime" : 2632.0,
    "minResTime" : 596.0,
    "maxResTime" : 12896.0,
    "pct1ResTime" : 5347.200000000001,
    "pct2ResTime" : 6282.399999999998,
    "pct3ResTime" : 12858.57999999998,
    "throughput" : 1.659475605708596,
    "receivedKBytesPerSec" : 85.21342412047794,
    "sentKBytesPerSec" : 0.20581386906737473
  },
  "website-design-and-development" : {
    "transaction" : "website-design-and-development",
    "sampleCount" : 100,
    "errorCount" : 1,
    "errorPct" : 1.0,
    "meanResTime" : 2093.34,
    "medianResTime" : 1801.0,
    "minResTime" : 1.0,
    "maxResTime" : 7010.0,
    "pct1ResTime" : 3903.400000000001,
    "pct2ResTime" : 4636.749999999996,
    "pct3ResTime" : 7004.709999999997,
    "throughput" : 1.6799381782750396,
    "receivedKBytesPerSec" : 64.02634851787454,
    "sentKBytesPerSec" : 0.25986543695192016
  },
  "softwareites" : {
    "transaction" : "softwareites",
    "sampleCount" : 100,
    "errorCount" : 0,
    "errorPct" : 0.0,
    "meanResTime" : 1771.879999999999,
    "medianResTime" : 1516.0,
    "minResTime" : 543.0,
    "maxResTime" : 16140.0,
    "pct1ResTime" : 2870.8000000000006,
    "pct2ResTime" : 3227.699999999999,
    "pct3ResTime" : 16035.829999999947,
    "throughput" : 1.6787255115915996,
    "receivedKBytesPerSec" : 47.74039611626853,
    "sentKBytesPerSec" : 0.23443139468515503
  },
  "banglapuzzle" : {
    "transaction" : "banglapuzzle",
    "sampleCount" : 100,
    "errorCount" : 0,
    "errorPct" : 0.0,
    "meanResTime" : 3822.5099999999998,
    "medianResTime" : 3077.0,
    "minResTime" : 1343.0,
    "maxResTime" : 13090.0,
    "pct1ResTime" : 6247.700000000002,
    "pct2ResTime" : 9582.299999999994,
    "pct3ResTime" : 13068.10999999999,
    "throughput" : 1.6724086028698533,
    "receivedKBytesPerSec" : 105.43360328795532,
    "sentKBytesPerSec" : 0.1992518062012911
  },
  "healthcare" : {
    "transaction" : "healthcare",
    "sampleCount" : 100,
    "errorCount" : 1,
    "errorPct" : 1.0,
    "meanResTime" : 2023.419999999999,
    "medianResTime" : 1645.0,
    "minResTime" : 3.0,
    "maxResTime" : 7531.0,
    "pct1ResTime" : 3670.100000000001,
    "pct2ResTime" : 4609.299999999996,
    "pct3ResTime" : 7513.179999999991,
    "throughput" : 1.6012553842212294,
    "receivedKBytesPerSec" : 49.615054452690906,
    "sentKBytesPerSec" : 0.21828050691742326
  },
  "Total" : {
    "transaction" : "Total",
    "sampleCount" : 1200,
    "errorCount" : 2,
    "errorPct" : 0.16666667,
    "meanResTime" : 2453.3316666666665,
    "medianResTime" : 2054.0,
    "minResTime" : 1.0,
    "maxResTime" : 18198.0,
    "pct1ResTime" : 4454.300000000003,
    "pct2ResTime" : 5478.050000000002,
    "pct3ResTime" : 9068.120000000006,
    "throughput" : 16.51959637119533,
    "receivedKBytesPerSec" : 674.398298438554,
    "sentKBytesPerSec" : 2.2047503949216005
  },
  "contact" : {
    "transaction" : "contact",
    "sampleCount" : 100,
    "errorCount" : 0,
    "errorPct" : 0.0,
    "meanResTime" : 2423.6100000000015,
    "medianResTime" : 2113.0,
    "minResTime" : 430.0,
    "maxResTime" : 8075.0,
    "pct1ResTime" : 4163.1,
    "pct2ResTime" : 5466.799999999996,
    "pct3ResTime" : 8066.799999999996,
    "throughput" : 1.6475007413753335,
    "receivedKBytesPerSec" : 63.13596102836996,
    "sentKBytesPerSec" : 0.20754648011466606
  },
  "education-training" : {
    "transaction" : "education-training",
    "sampleCount" : 100,
    "errorCount" : 0,
    "errorPct" : 0.0,
    "meanResTime" : 1976.9099999999999,
    "medianResTime" : 1866.5,
    "minResTime" : 600.0,
    "maxResTime" : 5504.0,
    "pct1ResTime" : 3125.6,
    "pct2ResTime" : 3600.4499999999994,
    "pct3ResTime" : 5501.859999999999,
    "throughput" : 1.6483154216390847,
    "receivedKBytesPerSec" : 58.39125187495879,
    "sentKBytesPerSec" : 0.23823308828377399
  }
}