{
  "news" : {
    "transaction" : "news",
    "sampleCount" : 150,
    "errorCount" : 1,
    "errorPct" : 0.6666667,
    "meanResTime" : 3554.853333333332,
    "medianResTime" : 2693.0,
    "minResTime" : 1.0,
    "maxResTime" : 35350.0,
    "pct1ResTime" : 5686.700000000002,
    "pct2ResTime" : 7620.399999999999,
    "pct3ResTime" : 30895.15000000008,
    "throughput" : 1.227475818726371,
    "receivedKBytesPerSec" : 44.66505605217181,
    "sentKBytesPerSec" : 0.15003014987479746
  },
  "women-accommodation" : {
    "transaction" : "women-accommodation",
    "sampleCount" : 150,
    "errorCount" : 0,
    "errorPct" : 0.0,
    "meanResTime" : 3267.813333333332,
    "medianResTime" : 2532.0,
    "minResTime" : 545.0,
    "maxResTime" : 20214.0,
    "pct1ResTime" : 6044.8,
    "pct2ResTime" : 8013.549999999995,
    "pct3ResTime" : 19228.170000000016,
    "throughput" : 1.3145095564844755,
    "receivedKBytesPerSec" : 45.599617642032754,
    "sentKBytesPerSec" : 0.19127141007440124
  },
  "Products" : {
    "transaction" : "Products",
    "sampleCount" : 150,
    "errorCount" : 1,
    "errorPct" : 0.6666667,
    "meanResTime" : 4145.693333333333,
    "medianResTime" : 2839.0,
    "minResTime" : 2.0,
    "maxResTime" : 43231.0,
    "pct1ResTime" : 7376.900000000003,
    "pct2ResTime" : 11728.149999999998,
    "pct3ResTime" : 38996.980000000076,
    "throughput" : 1.6184896254815007,
    "receivedKBytesPerSec" : 56.853705059938065,
    "sentKBytesPerSec" : 0.20410250029672308
  },
  "career" : {
    "transaction" : "career",
    "sampleCount" : 150,
    "errorCount" : 1,
    "errorPct" : 0.6666667,
    "meanResTime" : 5421.660000000001,
    "medianResTime" : 4914.0,
    "minResTime" : 1293.0,
    "maxResTime" : 23256.0,
    "pct1ResTime" : 8211.2,
    "pct2ResTime" : 10389.949999999995,
    "pct3ResTime" : 21865.740000000023,
    "throughput" : 1.181986525353611,
    "receivedKBytesPerSec" : 74.02950133712226,
    "sentKBytesPerSec" : 0.13988379594972616
  },
  "quiz-puzzle-make" : {
    "transaction" : "quiz-puzzle-make",
    "sampleCount" : 150,
    "errorCount" : 3,
    "errorPct" : 2.0,
    "meanResTime" : 3282.7599999999993,
    "medianResTime" : 2468.0,
    "minResTime" : 1.0,
    "maxResTime" : 21251.0,
    "pct1ResTime" : 5728.1,
    "pct2ResTime" : 7802.749999999995,
    "pct3ResTime" : 20659.91000000001,
    "throughput" : 1.2544742916401834,
    "receivedKBytesPerSec" : 42.48208584576657,
    "sentKBytesPerSec" : 0.1752833805155053
  },
  "about" : {
    "transaction" : "about",
    "sampleCount" : 150,
    "errorCount" : 3,
    "errorPct" : 2.0,
    "meanResTime" : 5638.379999999999,
    "medianResTime" : 4453.5,
    "minResTime" : 1.0,
    "maxResTime" : 68759.0,
    "pct1ResTime" : 8996.8,
    "pct2ResTime" : 13140.749999999995,
    "pct3ResTime" : 45606.53000000041,
    "throughput" : 1.1684335979186304,
    "receivedKBytesPerSec" : 60.32490304435373,
    "sentKBytesPerSec" : 0.14201488827827413
  },
  "website-design-and-development" : {
    "transaction" : "website-design-and-development",
    "sampleCount" : 150,
    "errorCount" : 1,
    "errorPct" : 0.6666667,
    "meanResTime" : 2817.5399999999986,
    "medianResTime" : 2197.5,
    "minResTime" : 2.0,
    "maxResTime" : 12555.0,
    "pct1ResTime" : 5037.500000000001,
    "pct2ResTime" : 6408.949999999989,
    "pct3ResTime" : 12059.28000000001,
    "throughput" : 1.3388673182487616,
    "receivedKBytesPerSec" : 51.18990089592538,
    "sentKBytesPerSec" : 0.20780336501985988
  },
  "softwareites" : {
    "transaction" : "softwareites",
    "sampleCount" : 150,
    "errorCount" : 1,
    "errorPct" : 0.6666667,
    "meanResTime" : 2381.079999999999,
    "medianResTime" : 1846.5,
    "minResTime" : 1.0,
    "maxResTime" : 18757.0,
    "pct1ResTime" : 4157.1,
    "pct2ResTime" : 6291.899999999999,
    "pct3ResTime" : 15528.700000000057,
    "throughput" : 1.3227513227513228,
    "receivedKBytesPerSec" : 37.38435398754409,
    "sentKBytesPerSec" : 0.18348868772045854
  },
  "banglapuzzle" : {
    "transaction" : "banglapuzzle",
    "sampleCount" : 150,
    "errorCount" : 2,
    "errorPct" : 1.3333334,
    "meanResTime" : 6543.133333333335,
    "medianResTime" : 5025.0,
    "minResTime" : 1580.0,
    "maxResTime" : 28895.0,
    "pct1ResTime" : 12249.2,
    "pct2ResTime" : 14425.549999999987,
    "pct3ResTime" : 27405.800000000025,
    "throughput" : 1.592086269848009,
    "receivedKBytesPerSec" : 99.05966990081303,
    "sentKBytesPerSec" : 0.18715305786702896
  },
  "healthcare" : {
    "transaction" : "healthcare",
    "sampleCount" : 150,
    "errorCount" : 1,
    "errorPct" : 0.6666667,
    "meanResTime" : 2917.0933333333332,
    "medianResTime" : 2339.5,
    "minResTime" : 1.0,
    "maxResTime" : 19531.0,
    "pct1ResTime" : 4993.1,
    "pct2ResTime" : 6808.099999999989,
    "pct3ResTime" : 15571.870000000072,
    "throughput" : 1.2083910675732286,
    "receivedKBytesPerSec" : 37.559831092103565,
    "sentKBytesPerSec" : 0.16528052043389294
  },
  "Total" : {
    "transaction" : "Total",
    "sampleCount" : 1800,
    "errorCount" : 18,
    "errorPct" : 1.0,
    "meanResTime" : 3879.0350000000044,
    "medianResTime" : 2902.0,
    "minResTime" : 1.0,
    "maxResTime" : 68759.0,
    "pct1ResTime" : 7400.6,
    "pct2ResTime" : 9660.749999999975,
    "pct3ResTime" : 19530.83,
    "throughput" : 12.877839384725451,
    "receivedKBytesPerSec" : 522.5479705106421,
    "sentKBytesPerSec" : 1.7049583035235198
  },
  "contact" : {
    "transaction" : "contact",
    "sampleCount" : 150,
    "errorCount" : 3,
    "errorPct" : 2.0,
    "meanResTime" : 3468.2266666666665,
    "medianResTime" : 2785.5,
    "minResTime" : 1.0,
    "maxResTime" : 12190.0,
    "pct1ResTime" : 6555.9000000000015,
    "pct2ResTime" : 7808.999999999996,
    "pct3ResTime" : 11713.660000000009,
    "throughput" : 1.1765074982744557,
    "receivedKBytesPerSec" : 44.23300534918743,
    "sentKBytesPerSec" : 0.1452481229803288
  },
  "education-training" : {
    "transaction" : "education-training",
    "sampleCount" : 150,
    "errorCount" : 1,
    "errorPct" : 0.6666667,
    "meanResTime" : 3110.186666666666,
    "medianResTime" : 2634.5,
    "minResTime" : 1.0,
    "maxResTime" : 13284.0,
    "pct1ResTime" : 6404.3,
    "pct2ResTime" : 7491.649999999999,
    "pct3ResTime" : 12083.460000000021,
    "throughput" : 1.2872332209149655,
    "receivedKBytesPerSec" : 45.313601187794454,
    "sentKBytesPerSec" : 0.18480512361729698
  }
}